﻿<?xml version="1.0" encoding="UTF-8"?>

<Drop xmlns="http://microsoft.com/sat/drop.xsd">
  <Copy>
    <From>Microsoft.WindowsAzure.Management.HDInsight\HadoopSdkLicense.rtf</From>
    <To>HadoopSdkLicense.rtf</To>
  </Copy>

  <!-- Avro -->
  <Copy>
    <From>Microsoft.Hadoop.Avro\Microsoft.Hadoop.Avro.dll</From>
    <To>Microsoft.Hadoop.Avro\lib\net40\Microsoft.Hadoop.Avro.dll</To>
  </Copy>
  
  <!-- Hadoop Client -->
  <Copy>
    <From>Microsoft.Hadoop.Client\Microsoft.Hadoop.Client.dll</From>
    <To>Microsoft.Hadoop.Client\lib\net40\Microsoft.Hadoop.Client.dll</To>
  </Copy>
  <Copy>
    <From>Microsoft.Hadoop.Client\Microsoft.Hadoop.Client.xml</From>
    <To>Microsoft.Hadoop.Client\lib\net40\Microsoft.Hadoop.Client.xml</To>
  </Copy>
  <Copy>
    <From>Microsoft.WindowsAzure.Management.HDInsight.Framework\Microsoft.WindowsAzure.Management.HDInsight.Framework.dll</From>
    <To>Microsoft.Hadoop.Client\lib\net40\Microsoft.WindowsAzure.Management.HDInsight.Framework.dll</To>
  </Copy>
  <Copy>
    <From>Microsoft.WindowsAzure.Management.HDInsight.Framework\Microsoft.WindowsAzure.Management.HDInsight.Framework.xml</From>
    <To>Microsoft.Hadoop.Client\lib\net40\Microsoft.WindowsAzure.Management.HDInsight.Framework.xml</To>
  </Copy>
  <Copy>
    <From>Microsoft.WindowsAzure.Management.HDInsight.Framework.Core\Microsoft.WindowsAzure.Management.HDInsight.Framework.Core.dll</From>
    <To>Microsoft.Hadoop.Client\lib\net40\Microsoft.WindowsAzure.Management.HDInsight.Framework.Core.dll</To>
  </Copy>
  <Copy>
    <From>Microsoft.WindowsAzure.Management.HDInsight.Framework.Core\Microsoft.WindowsAzure.Management.HDInsight.Framework.Core.xml</From>
    <To>Microsoft.Hadoop.Client\lib\net40\Microsoft.WindowsAzure.Management.HDInsight.Framework.Core.xml</To>
  </Copy>
  <Copy>
    <From>Microsoft.HDInsight.Net.Http.Formatting\Microsoft.HDInsight.Net.Http.Formatting.dll</From>
    <To>Microsoft.Hadoop.Client\lib\net40\Microsoft.HDInsight.Net.Http.Formatting.dll</To>
  </Copy>
  <!-- HDInsight Client -->

  <Copy>
    <From>Microsoft.WindowsAzure.Management.HDInsight.Contracts\Microsoft.WindowsAzure.Management.HDInsight.Contracts.dll</From>
    <To>Microsoft.WindowsAzure.Management.HDInsight\lib\net40\Microsoft.WindowsAzure.Management.HDInsight.Contracts.dll</To>
  </Copy>
  <Copy>
    <From>Microsoft.WindowsAzure.Management.HDInsight\Microsoft.WindowsAzure.Management.HDInsight.dll</From>
    <To>Microsoft.WindowsAzure.Management.HDInsight\lib\net40\Microsoft.WindowsAzure.Management.HDInsight.dll</To>
  </Copy>
  <Copy>
    <From>Microsoft.WindowsAzure.Management.HDInsight\Microsoft.WindowsAzure.Management.HDInsight.xml</From>
    <To>Microsoft.WindowsAzure.Management.HDInsight\lib\net40\Microsoft.WindowsAzure.Management.HDInsight.xml</To>
  </Copy>
  
  <!-- HadoopAppliance Client-->

  <Copy>
    <From>Microsoft.HadoopAppliance.Client\Microsoft.HadoopAppliance.Client.dll</From>
    <To>Microsoft.HadoopAppliance.Client\lib\net40\Microsoft.HadoopAppliance.Client.dll</To>
  </Copy>
  

  <!-- [Internal ONLY] Test assemblies -->
  <Copy>
    <From>Microsoft.WindowsAzure.Management.HDInsight.Tests\Microsoft.WindowsAzure.Management.HDInsight.TestUtilities.dll</From>
    <To>NonPublic\Library\Microsoft.WindowsAzure.Management.HDInsight.TestUtilities.dll</To>
  </Copy>
  <Copy>
    <From>Microsoft.WindowsAzure.Management.HDInsight.Tests\Microsoft.WindowsAzure.Management.Configuration.dll</From>
    <To>NonPublic\Library\Microsoft.WindowsAzure.Management.Configuration.dll</To>
  </Copy>
  <Copy>
    <From>Microsoft.WindowsAzure.Management.HDInsight.Framework.Internal\Microsoft.WindowsAzure.Management.HDInsight.Framework.Internal.dll</From>
    <To>NonPublic\Library\lib\net40\Microsoft.WindowsAzure.Management.HDInsight.Framework.Internal.dll</To>
  </Copy>
  <Copy>
    <From>Microsoft.WindowsAzure.Management.HDInsight.Internal\Microsoft.WindowsAzure.Management.HDInsight.Internal.dll</From>
    <To>NonPublic\Library\lib\net40\Microsoft.WindowsAzure.Management.HDInsight.Internal.dll</To>
  </Copy>
  <Copy>
    <From>Microsoft.WindowsAzure.Management.HDInsight.Contracts\Microsoft.WindowsAzure.Management.HDInsight.Contracts.dll</From>
    <To>NonPublic\Library\lib\net40\Microsoft.WindowsAzure.Management.HDInsight.Contracts.dll</To>
  </Copy>
  <Copy>
    <From>Microsoft.HadoopAppliance.Client\Microsoft.HadoopAppliance.Client.dll</From>
    <To>NonPublic\Library\lib\net40\Microsoft.HadoopAppliance.Client.dll</To>
  </Copy>
  <Copy>
    <From>Microsoft.WindowsAzure.Management.HDInsight.Framework.Core\Microsoft.WindowsAzure.Management.HDInsight.Framework.Core.dll</From>
    <To>NonPublic\Library\lib\net40\Microsoft.WindowsAzure.Management.HDInsight.Framework.Core.dll</To>
  </Copy>
  <Copy>
    <From>Microsoft.WindowsAzure.Management.HDInsight.Framework\Microsoft.WindowsAzure.Management.HDInsight.Framework.dll</From>
    <To>NonPublic\Library\lib\net40\Microsoft.WindowsAzure.Management.HDInsight.Framework.dll</To>
  </Copy>
  <Copy>
    <From>Microsoft.HDInsight.Net.Http.Formatting\Microsoft.HDInsight.Net.Http.Formatting.dll</From>
    <To>NonPublic\Library\lib\net40\Microsoft.HDInsight.Net.Http.Formatting.dll</To>
  </Copy>
  <Copy>
    <From>Microsoft.WindowsAzure.Management.HDInsight\Microsoft.WindowsAzure.Management.HDInsight.dll</From>
    <To>NonPublic\Library\lib\net40\Microsoft.WindowsAzure.Management.HDInsight.dll</To>
  </Copy>
  <Copy>
    <From>Microsoft.Hadoop.Client\Microsoft.Hadoop.Client.dll</From>
    <To>NonPublic\Library\lib\net40\Microsoft.Hadoop.Client.dll</To>
  </Copy>
  <Copy>
    <From>Microsoft.Hadoop.Client\Microsoft.Data.Services.Client.dll</From>
    <To>NonPublic\Library\lib\net40\Microsoft.Data.Services.Client.dll</To>
  </Copy>
  <Copy>
    <From>Microsoft.Hadoop.Client\Newtonsoft.Json.dll</From>
    <To>NonPublic\Library\lib\net40\Newtonsoft.Json.dll</To>
  </Copy>
  <Copy>
    <From>Microsoft.Hadoop.Client\Microsoft.Data.Edm.dll</From>
    <To>NonPublic\Library\lib\net40\Microsoft.Data.Edm.dll</To>
  </Copy>
  <Copy>
    <From>Microsoft.Hadoop.Client\Microsoft.Data.OData.dll</From>
    <To>NonPublic\Library\lib\net40\Microsoft.Data.OData.dll</To>
  </Copy>
  <Copy>
    <From>Microsoft.Hadoop.Client\System.Spatial.dll</From>
    <To>NonPublic\Library\lib\net40\System.Spatial.dll</To>
  </Copy>
  <Copy>
    <From>Microsoft.Hadoop.Client\Microsoft.WindowsAzure.Storage.dll</From>
    <To>NonPublic\Library\lib\net40\Microsoft.WindowsAzure.Storage.dll</To>
  </Copy>
    <CopyTree>
    <From>Microsoft.WindowsAzure.Management.HDInsight.Framework.Core\Library</From>
    <To>NonPublic\Source\build\net40\Library</To>
  </CopyTree>

  <!-- Tools -->
  
  <!-- Log Analysis Tool-->
  <Copy>
    <From>Lat\lat.exe</From>
    <To>Lat\lat.exe</To>
  </Copy>
  <Copy>
    <From>Lat\Microsoft.Data.Edm.dll</From>
    <To>Lat\Microsoft.Data.Edm.dll</To>
  </Copy>
  <Copy>
    <From>Lat\Microsoft.Data.OData.dll</From>
    <To>Lat\Microsoft.Data.OData.dll</To>
  </Copy>
  <Copy>
    <From>Lat\Microsoft.Data.Services.Client.dll</From>
    <To>Lat\Microsoft.Data.Services.Client.dll</To>
  </Copy>
  <Copy>
    <From>Lat\Microsoft.WindowsAzure.Configuration.dll</From>
    <To>Lat\Microsoft.WindowsAzure.Configuration.dll</To>
  </Copy>
  <Copy>
    <From>Lat\Microsoft.WindowsAzure.Storage.dll</From>
    <To>Lat\Microsoft.WindowsAzure.Storage.dll</To>
  </Copy>
  <Copy>
    <From>Lat\Newtonsoft.Json.dll</From>
    <To>Lat\Newtonsoft.Json.dll</To>
  </Copy>
  <Copy>
    <From>Lat\System.Spatial.dll</From>
    <To>Lat\System.Spatial.dll</To>
  </Copy>
</Drop>