﻿<?xml version="1.0" encoding="utf-8" ?>
<features>
    <market name="ur-pk">
        <feature name="Spaces" enabled="false">
            <parameter name="Write" value="false" />
        </feature>
        <feature name="Wordpress" enabled="true">
            <parameter name="SignupUrl" value="http://{0}.WordPress.com/welcome/?ref=wlw" />
            <parameter name="LanguageMapping" value="nb,no,pt-pt,pt,pt-br,pt-br,zh-tw,zh-tw,zh-cn,zh-cn" />
        </feature>
        <feature name="Insert Maps" enabled="true">
            <parameter name="url" value="http://dev.virtualearth.net/mapcontrol/mapcontrol.ashx?v=6" />
            <parameter name="aerial" value="true" />
        </feature>
        <feature name="Soapbox Video" enabled="false">
            <parameter name="SoapboxTOU" value="http://openlivewriter.org/WriterRedirect/SoapboxTOU" />
            <parameter name="SoapboxSafety" value="http://openlivewriter.org/WriterRedirect/SoapboxSafety" />
        </feature>
        <feature name="YouTube Video" enabled="true">
            <parameter name="YouTubeTOU" value="http://openlivewriter.org/WriterRedirect/YouTubeTOU" />
            <parameter name="YouTubeSafety" value="http://openlivewriter.org/WriterRedirect/YouTubeSafety" />
            <parameter name="YouTubeRegister" value="http://openlivewriter.org/WriterRedirect/YouTubeRegister" />
        </feature>
        <feature name="Insert Video" enabled="true">
            <parameter name="supported" value="56744E0A-1892-4b56-B7FF-3A2568EE2D27;A64F0391-DC63-46cc-B106-D1E6B4EFA9EB;6A08E9D2-7CEC-4079-9E2C-DF55290D549E;24BA2B58-5604-4d34-87CE-4F21F0D08DBD;39C04FEF-3837-4ba2-ABA4-A52C69B58061;15190D81-FAF7-4244-A16B-A43AD12C7A7F;13C0A225-9842-441b-AE4D-103A23C70EA5;864523DB-EE73-48e8-9DFE-56C60F42C673;F28A9EB8-8245-43a3-A5AB-59200D4439F1;E8DD1B09-EB13-4ac0-BCD5-7898279B5716;A1FE1C5C-CE00-49ab-8B5F-B12160F07901;8D8C9213-08EE-4e1e-BCAF-75D00C36D313;0C8C65A2-9167-45cc-9BF4-D3C5343D7A73;E2DBCF43-E9FB-4dec-B2FD-6F5AEDF2CA4D;B6D96B90-7B09-4dc9-833E-A368913B0E98;939FFF66-C87C-4571-A6F1-035900650472;D0402B9A-7ADC-4dcf-A029-4D3FD0B11362;7A023A25-097C-4cbe-BF69-7BED05ED212B;DE24FF93-CFA5-4a21-938D-DC0F67220C97;D3F06205-6A8C-44e1-9493-E37C1448ED14;53068704-D203-4067-A2B7-1172E4E9E43E;5A8D4FBC-356F-4104-A7EF-2787615D8D62" />
        </feature>
        <feature name="Allow Multiselect Images" enabled="true" />
        <feature name="Blog Providers" enabled="true">
            <parameter name="supported" value="16B3FA3F-DAD7-4c93-A407-81CAE076883E;4AA58E69-8C24-40b1-BACE-3BB14237E8F9;556A165F-DA11-463c-BB4A-C77CC9047F22;B6F817C3-9D39-45c1-A634-EAC792B8A635;D48F1B5A-06E6-4f0f-BD76-74F34F520792;3C53BD64-4FA8-4bc7-8CB9-5D3BB58FAD07;B9C51DE3-F2DE-4204-AE7D-F64116429401;E0500CDC-91C9-4822-855F-CDC6F49B2735;CD671F17-1902-46e5-8266-A24D6C602234;82E6C828-8764-4af1-B289-647FC84E7093;CAA1EBAA-946E-4143-9733-F01CC8DBE827;D3405AD6-9E02-43b3-87F4-08F5A5946B40;A82F57E0-41D3-45e9-861E-8C527844BCA6;494B3F2D-206D-449a-B0FA-A987E57C95D1;BAF4FE16-25FB-4a94-90C7-11A1B30CAD61;7D215B2D-7B57-432a-B382-ED027321C480;4FCDB0E2-66F8-4b4d-828B-B2EED6147789;785D4CDA-602F-481b-ACEA-3B3DB79B0F43;1AAFB2D8-F974-413A-9DBB-9C826CCDA7BC" />
        </feature>
        <feature name="Tag Providers" enabled="true">
            <parameter name="supported" value="63DA9645-F182-4da7-88BC-B430ECA1AD75" />
        </feature>
        <feature name="Writer Blog" enabled="false">
            <parameter name="Glink" value="http://openlivewriter.org/WriterRedirect/WriterBlog" />
        </feature>
        <feature name="Forums" enabled="false">
            <parameter name="Glink" value="http://openlivewriter.org/WriterRedirect/WriterForum" />
        </feature>
        <feature name="Terms of Use" enabled="true">
            <parameter name="Glink" value="http://openlivewriter.org/WriterRedirect/WriterTOU" />
        </feature>
        <feature name="Privacy" enabled="true">
            <parameter name="Glink" value="http://go.microsoft.com/fwlink/?LinkId=81184" />
        </feature>
        <feature name="Help" enabled="true">
            <parameter name="Glink" value="http://openlivewriter.org/WriterRedirect/WriterHelpV3" />
        </feature>
        <feature name="Feedback" enabled="false">
            <parameter name="Glink" value="http://openlivewriter.org/WriterRedirect/WriterFeedbackURL" />
        </feature>
        <feature name="Support" enabled="false">
            <parameter name="Glink" value="http://openlivewriter.org/WriterRedirect/WriterSupport" />
        </feature>
        <feature name="Developer Community" enabled="false">
            <parameter name="Glink" value="http://openlivewriter.org/WriterRedirect/WriterDevelopers" />
        </feature>
        <feature name="Create Space" enabled="true">
            <parameter name="Glink" value="http://openlivewriter.org/WriterRedirect/WriterCreateSpacesAccount" />
        </feature>
        <feature name="FTP Help" enabled="true">
            <parameter name="Glink" value="http://openlivewriter.org/WriterRedirect/WriterFTPHelpV3" />
        </feature>
        <feature name="Gallery" enabled="false">
            <parameter name="Glink" value="http://openlivewriter.org/WriterRedirect/WriterDownloadPluginsURL" />
        </feature>
        <feature name="Dot Net 20" enabled="true">
            <parameter name="Glink" value="http://openlivewriter.org/WriterRedirect/WriterDotNet20Download?displayLang=en" />
        </feature>
        <feature name="Live Clipboard" enabled="true">
            <parameter name="Glink" value="http://openlivewriter.org/WriterRedirect/LiveClipboard" />
        </feature>
        <feature name="Video Copyright Link" enabled="true">
            <parameter name="Glink" value="" />
        </feature>
        <feature name="Create Space Address" enabled="true">

            <parameter name="url" value="http://openlivewriter.org/WriterRedirect/CreateSpaceAddress" />
        </feature>
    </market>
</features>